state,action,q_value
"[['X' 'O' 'X']
 ['O' '.' '.']
 ['.' '.' '.']]",1,-0.09999999999999995
"[['X' 'O' 'X']
 ['O' '.' '.']
 ['.' '.' '.']]",2,-0.09999999999999995
"[['X' 'O' 'X']
 ['O' 'X' 'O']
 ['.' '.' '.']]",2,2.9999999999999982
"[['X' 'O' 'X']
 ['O' 'X' '.']
 ['O' '.' '.']]",1,-0.0999999999958975
"[['X' 'O' 'X']
 ['O' 'X' '.']
 ['O' '.' '.']]",2,-0.09999999999544167
"[['X' 'O' 'X']
 ['O' 'X' 'X']
 ['O' 'O' '.']]",2,2.9999999999999982
"[['X' 'O' 'X']
 ['O' 'O' '.']
 ['X' '.' '.']]",2,-0.43870033953249277
"[['X' 'O' 'X']
 ['O' 'O' '.']
 ['X' '.' '.']]",1,-0.5736488121154792
"[['X' 'O' 'X']
 ['O' 'O' '.']
 ['X' 'X' 'O']]",1,0.9999999999999996
"[['X' 'O' 'X']
 ['O' '.' '.']
 ['X' 'O' '.']]",2,-0.5736776511293225
"[['X' 'O' 'X']
 ['O' '.' '.']
 ['X' 'O' '.']]",1,2.9999999999999982
"[['X' 'O' 'X']
 ['O' 'X' '.']
 ['O' 'X' 'O']]",1,0.9999999996250644
"[['X' 'O' 'X']
 ['O' 'X' 'O']
 ['O' 'X' '.']]",2,2.999999998611349
"[['X' 'O' 'X']
 ['.' '.' '.']
 ['O' '.' '.']]",1,-0.09999999999999995
"[['X' 'O' 'X']
 ['.' '.' '.']
 ['O' '.' '.']]",2,-0.09999999999999995
"[['X' 'O' 'X']
 ['X' '.' '.']
 ['O' 'O' '.']]",2,-0.5736776511293225
"[['X' 'O' 'X']
 ['X' '.' '.']
 ['O' 'O' '.']]",1,-0.406428039308804
"[['X' 'O' 'X']
 ['X' 'O' '.']
 ['O' '.' '.']]",1,-0.5736689726711646
"[['X' 'O' 'X']
 ['X' 'O' '.']
 ['O' '.' '.']]",2,-0.09999999999999995
"[['X' 'O' 'X']
 ['X' 'O' '.']
 ['O' 'X' 'O']]",1,0.9999999999999996
"[['X' 'O' 'X']
 ['X' 'O' 'O']
 ['O' 'X' '.']]",2,0.9999999999999996
"[['X' 'O' 'X']
 ['.' '.' '.']
 ['O' 'X' 'O']]",1,-0.09999999999999995
"[['X' 'O' 'X']
 ['O' '.' '.']
 ['O' 'X' '.']]",2,-0.0999999989080654
"[['X' 'O' 'X']
 ['O' '.' '.']
 ['O' 'X' '.']]",1,-0.0999999989080654
"[['X' 'O' 'X']
 ['O' 'O' '.']
 ['O' 'X' 'X']]",1,2.9999999916733464
"[['X' 'O' 'X']
 ['X' 'X' 'O']
 ['O' 'O' '.']]",2,2.9999999999999982
"[['X' 'O' 'O']
 ['X' '.' '.']
 ['.' '.' '.']]",1,-0.09942735831029777
"[['X' 'O' 'O']
 ['X' '.' '.']
 ['.' '.' '.']]",2,2.9999999999999982
"[['X' 'O' 'O']
 ['X' 'X' 'O']
 ['.' '.' '.']]",2,2.760700670769382
"[['X' 'O' 'O']
 ['X' 'X' '.']
 ['O' '.' '.']]",2,-0.09353891811077335
"[['X' 'O' 'O']
 ['X' 'X' '.']
 ['O' '.' '.']]",1,2.999983593730539
"[['X' 'O' 'O']
 ['X' 'X' 'O']
 ['O' 'X' '.']]",2,2.999999667353706
"[['X' 'O' 'O']
 ['X' 'X' '.']
 ['O' 'X' 'O']]",1,2.999999998611349
"[['X' 'O' '.']
 ['X' 'O' '.']
 ['.' '.' '.']]",2,2.9999999999999982
"[['X' 'O' '.']
 ['X' 'O' '.']
 ['.' '.' '.']]",0,-0.09721871610556307
"[['X' 'O' '.']
 ['X' 'O' '.']
 ['.' '.' '.']]",1,-0.09528987130275376
"[['X' 'O' '.']
 ['X' 'O' 'X']
 ['O' '.' '.']]",2,-2.1987026035774537
"[['X' 'O' '.']
 ['X' 'O' 'X']
 ['O' '.' '.']]",0,-0.5736842105263157
"[['X' 'O' '.']
 ['X' 'O' 'X']
 ['O' 'X' 'O']]",0,0.9999999999999996
"[['X' 'O' 'X']
 ['X' 'O' 'O']
 ['.' '.' '.']]",2,2.31369622635117
"[['X' 'O' 'O']
 ['X' 'O' 'X']
 ['.' '.' '.']]",2,1.837738533
"[['X' 'O' '.']
 ['X' '.' '.']
 ['O' '.' '.']]",0,-0.09999999999999995
"[['X' 'O' '.']
 ['X' '.' '.']
 ['O' '.' '.']]",1,-0.09999999999999995
"[['X' 'O' '.']
 ['X' '.' '.']
 ['O' '.' '.']]",2,-0.09999999999999995
"[['X' 'O' '.']
 ['X' 'X' '.']
 ['O' 'O' '.']]",0,-0.42278005020207665
"[['X' 'O' '.']
 ['X' 'X' '.']
 ['O' 'O' '.']]",1,2.9998785487019317
"[['X' 'O' '.']
 ['X' 'X' '.']
 ['O' 'O' '.']]",2,1.2285300000000001
"[['X' 'O' '.']
 ['X' 'X' 'O']
 ['O' '.' '.']]",2,-0.09989388833880036
"[['X' 'O' '.']
 ['X' 'X' 'O']
 ['O' '.' '.']]",0,-0.09989388833880036
"[['X' 'O' '.']
 ['X' 'X' 'O']
 ['O' 'X' 'O']]",0,0.9999998631085208
"[['X' 'O' '.']
 ['X' '.' '.']
 ['O' 'X' 'O']]",1,-0.09999999997786042
"[['X' 'O' '.']
 ['X' '.' '.']
 ['O' 'X' 'O']]",0,-0.09999999998007439
"[['X' 'O' '.']
 ['X' 'O' '.']
 ['O' 'X' '.']]",1,-2.4323014799384377
"[['X' 'O' '.']
 ['X' 'O' '.']
 ['O' 'X' '.']]",0,-0.09999999999959601
"[['X' 'O' '.']
 ['X' 'O' '.']
 ['O' 'X' '.']]",2,-1.8340916798183935
"[['X' 'O' 'O']
 ['X' '.' '.']
 ['O' 'X' '.']]",1,-0.09999999995371163
"[['X' 'O' 'O']
 ['X' '.' '.']
 ['O' 'X' '.']]",2,-2.472001757627829
"[['X' 'O' '.']
 ['X' 'O' 'O']
 ['O' 'X' 'X']]",0,0.9999500200419471
"[['X' 'O' 'O']
 ['.' '.' '.']
 ['X' '.' '.']]",1,2.9999999999999982
"[['X' 'O' 'O']
 ['.' '.' '.']
 ['X' '.' '.']]",2,-0.09982029897000856
"[['X' 'O' 'O']
 ['O' '.' '.']
 ['X' 'X' '.']]",1,-0.068618940391
"[['X' 'O' 'O']
 ['O' '.' '.']
 ['X' 'X' '.']]",2,2.999996959885146
"[['X' 'O' 'O']
 ['O' 'X' 'O']
 ['X' 'X' '.']]",2,2.998766705049883
"[['X' 'O' 'O']
 ['.' '.' '.']
 ['X' 'X' 'O']]",1,2.8969894853912246
"[['X' 'O' 'O']
 ['O' 'X' '.']
 ['X' 'X' 'O']]",1,0.9999595162339772
"[['X' 'O' '.']
 ['O' '.' '.']
 ['X' '.' '.']]",2,-0.09999999999999995
"[['X' 'O' '.']
 ['O' '.' '.']
 ['X' '.' '.']]",1,-0.09999999999999995
"[['X' 'O' '.']
 ['O' '.' '.']
 ['X' '.' '.']]",0,-0.09999999999999995
"[['X' 'O' '.']
 ['O' 'O' '.']
 ['X' 'X' '.']]",1,-0.09866972053527089
"[['X' 'O' '.']
 ['O' 'O' '.']
 ['X' 'X' '.']]",0,-0.1934659
"[['X' 'O' '.']
 ['O' 'O' '.']
 ['X' 'X' '.']]",2,2.9999529472787128
"[['X' 'O' 'O']
 ['O' 'O' 'X']
 ['X' 'X' '.']]",2,2.999999999088906
"[['X' 'O' '.']
 ['O' '.' '.']
 ['X' 'X' 'O']]",1,-0.0997534965295042
"[['X' 'O' '.']
 ['O' '.' '.']
 ['X' 'X' 'O']]",0,-0.09977814687655379
"[['X' 'O' '.']
 ['O' 'X' 'O']
 ['X' 'X' 'O']]",0,2.978791048529547
"[['X' 'O' '.']
 ['O' 'O' 'X']
 ['X' 'X' 'O']]",0,0.9999999999985913
"[['X' 'O' 'O']
 ['O' 'X' '.']
 ['X' '.' '.']]",1,-0.0999996013276521
"[['X' 'O' 'O']
 ['O' 'X' '.']
 ['X' '.' '.']]",2,-0.09999955703072455
"[['X' 'O' 'O']
 ['O' 'X' 'X']
 ['X' 'O' '.']]",2,2.9999999999992957
"[['X' 'O' '.']
 ['O' 'X' 'O']
 ['X' '.' '.']]",0,2.9999999999999982
"[['X' 'O' '.']
 ['O' 'X' 'O']
 ['X' '.' '.']]",2,-0.0965663161797075
"[['X' 'O' '.']
 ['O' 'X' '.']
 ['X' 'O' '.']]",2,2.9999999999999982
"[['X' 'O' '.']
 ['O' 'X' '.']
 ['X' 'O' '.']]",0,1.9539646797
"[['X' 'O' '.']
 ['O' 'X' '.']
 ['X' 'O' '.']]",1,-0.07458134171671
"[['X' 'O' '.']
 ['O' 'X' 'X']
 ['X' 'O' 'O']]",0,2.994009965666952
"[['X' 'O' '.']
 ['.' '.' '.']
 ['X' 'O' '.']]",2,-0.09962428978738637
"[['X' 'O' '.']
 ['.' '.' '.']
 ['X' 'O' '.']]",1,2.9999999999999982
"[['X' 'O' '.']
 ['.' '.' '.']
 ['X' 'O' '.']]",0,-0.09721871610556307
"[['X' 'O' '.']
 ['O' '.' '.']
 ['X' 'O' 'X']]",1,2.999999982591035
"[['X' 'O' '.']
 ['O' '.' '.']
 ['X' 'O' 'X']]",0,-0.4875772881717216
"[['X' 'O' 'O']
 ['.' '.' '.']
 ['X' 'O' 'X']]",1,2.8255507889908795
"[['X' 'O' 'X']
 ['.' '.' '.']
 ['X' 'O' 'O']]",1,2.31369622635117
"[['X' 'X' 'O']
 ['O' '.' '.']
 ['.' '.' '.']]",1,-0.09999999999999995
"[['X' 'X' 'O']
 ['O' '.' '.']
 ['.' '.' '.']]",2,-0.09999999999999995
"[['X' 'X' 'O']
 ['O' 'X' '.']
 ['O' '.' '.']]",2,2.9999999999999982
"[['X' 'X' 'O']
 ['O' 'X' '.']
 ['O' '.' '.']]",1,-0.07712320754503901
"[['X' 'X' 'O']
 ['O' 'X' 'O']
 ['.' '.' '.']]",2,-0.09999999999999995
"[['X' 'X' 'O']
 ['O' 'X' 'O']
 ['X' 'O' '.']]",2,2.9999999999999982
"[['X' 'X' 'O']
 ['O' 'X' 'X']
 ['O' 'O' '.']]",2,2.982820749308933
"[['X' 'X' 'O']
 ['O' 'O' '.']
 ['X' '.' '.']]",1,-0.09999999957696216
"[['X' 'X' 'O']
 ['O' 'O' '.']
 ['X' '.' '.']]",2,-0.3549389269609
"[['X' 'X' 'O']
 ['O' 'O' 'X']
 ['X' 'O' '.']]",2,0.9999999999999996
"[['X' 'X' 'O']
 ['O' '.' '.']
 ['X' 'O' '.']]",1,-0.09999996073990723
"[['X' 'X' 'O']
 ['O' '.' '.']
 ['X' 'O' '.']]",2,-0.0999999563776747
"[['X' 'X' 'O']
 ['O' 'X' '.']
 ['X' 'O' 'O']]",1,0.999990738612869
"[['X' 'X' 'O']
 ['O' 'O' '.']
 ['X' 'O' 'X']]",1,0.9999999991290026
"[['X' 'X' 'O']
 ['O' 'O' '.']
 ['X' 'X' 'O']]",1,0.271
"[['X' 'X' '.']
 ['O' 'O' '.']
 ['.' '.' '.']]",0,2.9999999999999982
"[['X' 'X' '.']
 ['O' 'O' '.']
 ['.' '.' '.']]",2,-0.3654947985419937
"[['X' 'X' '.']
 ['O' 'O' '.']
 ['.' '.' '.']]",1,-0.08649148282327009
"[['X' 'X' '.']
 ['O' 'O' 'X']
 ['O' '.' '.']]",0,2.2374402515013
"[['X' 'X' '.']
 ['O' 'O' '.']
 ['X' 'O' '.']]",1,-0.056953279
"[['X' 'X' '.']
 ['O' 'O' '.']
 ['X' 'O' '.']]",0,2.999995366384921
"[['X' 'X' '.']
 ['O' 'O' '.']
 ['X' 'O' '.']]",2,-0.010000000000000002
"[['X' 'X' 'O']
 ['O' 'O' 'X']
 ['.' '.' '.']]",2,-0.046855900000000006
"[['X' 'X' '.']
 ['O' 'O' 'X']
 ['X' 'O' 'O']]",0,2.99999999996524
"[['X' 'X' '.']
 ['O' '.' '.']
 ['O' '.' '.']]",0,2.9999999999999982
"[['X' 'X' '.']
 ['O' '.' '.']
 ['O' '.' '.']]",2,-0.09993038013908692
"[['X' 'X' '.']
 ['O' '.' '.']
 ['O' '.' '.']]",1,-0.09969567472778296
"[['X' 'X' '.']
 ['O' 'O' '.']
 ['O' 'X' '.']]",0,2.9999867109217364
"[['X' 'X' '.']
 ['O' 'O' '.']
 ['O' 'X' '.']]",2,-0.4673793681132365
"[['X' 'X' '.']
 ['O' 'O' '.']
 ['O' 'X' '.']]",1,-0.1197559
"[['X' 'X' '.']
 ['O' 'X' '.']
 ['O' 'O' '.']]",1,-0.45414577519631505
"[['X' 'X' '.']
 ['O' 'X' '.']
 ['O' 'O' '.']]",2,2.996069938474087
"[['X' 'X' '.']
 ['O' 'X' '.']
 ['O' 'O' '.']]",0,0.8130000000000001
"[['X' 'X' 'O']
 ['O' '.' '.']
 ['O' 'X' '.']]",2,-3.203254808117554
"[['X' 'X' 'O']
 ['O' '.' '.']
 ['O' 'X' '.']]",1,2.9999999999999982
"[['X' 'X' '.']
 ['O' '.' '.']
 ['O' 'X' 'O']]",1,2.9999999999999982
"[['X' 'X' '.']
 ['O' '.' '.']
 ['O' 'X' 'O']]",0,2.635270036228292
"[['X' 'X' '.']
 ['O' 'X' 'O']
 ['O' '.' '.']]",0,2.9999999999999982
"[['X' 'X' '.']
 ['O' 'X' 'O']
 ['O' '.' '.']]",2,2.671743032605463
"[['X' 'O' '.']
 ['O' 'X' '.']
 ['.' '.' '.']]",0,-0.09999999999999995
"[['X' 'O' '.']
 ['O' 'X' '.']
 ['.' '.' '.']]",1,-0.09999999999999995
"[['X' 'O' '.']
 ['O' 'X' '.']
 ['.' '.' '.']]",2,-0.09999999999999995
"[['X' 'O' 'O']
 ['O' 'X' 'X']
 ['.' '.' '.']]",2,-0.09999998891179021
"[['X' 'O' '.']
 ['O' 'X' 'X']
 ['O' '.' '.']]",2,-0.09999999920397967
"[['X' 'O' '.']
 ['O' 'X' 'X']
 ['O' '.' '.']]",0,-0.09999999920397967
"[['X' 'O' 'O']
 ['O' 'X' 'X']
 ['O' 'X' '.']]",2,2.9999774948292717
"[['X' 'O' '.']
 ['O' 'X' 'X']
 ['O' 'X' 'O']]",0,0.9999932484487815
"[['X' '.' '.']
 ['O' 'X' 'O']
 ['.' '.' '.']]",2,-0.09999999999999995
"[['X' '.' '.']
 ['O' 'X' 'O']
 ['.' '.' '.']]",0,-0.09999999999999995
"[['X' '.' '.']
 ['O' 'X' 'O']
 ['X' 'O' '.']]",2,2.9999999999718443
"[['X' '.' '.']
 ['O' 'X' 'O']
 ['X' 'O' '.']]",0,-0.0814697981114816
"[['X' 'X' '.']
 ['O' 'X' 'O']
 ['X' 'O' 'O']]",0,2.924905334850203
"[['X' '.' '.']
 ['O' 'X' '.']
 ['O' '.' '.']]",1,-0.09999999999999995
"[['X' '.' '.']
 ['O' 'X' '.']
 ['O' '.' '.']]",2,-0.09999999999999995
"[['X' '.' '.']
 ['O' 'X' '.']
 ['O' '.' '.']]",0,-0.09999999999999995
"[['X' '.' '.']
 ['O' 'X' 'X']
 ['O' 'O' '.']]",2,2.999999589325563
"[['X' '.' '.']
 ['O' 'X' 'X']
 ['O' 'O' '.']]",0,-0.18578296900000002
"[['X' '.' '.']
 ['O' 'X' 'O']
 ['O' 'X' '.']]",2,2.9999999993358126
"[['X' '.' '.']
 ['O' 'X' 'O']
 ['O' 'X' '.']]",0,1.9539646797
"[['X' '.' '.']
 ['O' 'X' '.']
 ['O' 'X' 'O']]",1,-0.09528987130275376
"[['X' '.' '.']
 ['O' 'X' '.']
 ['O' 'X' 'O']]",0,2.9999999907481625
"[['X' 'O' '.']
 ['O' 'X' '.']
 ['O' 'X' '.']]",1,-0.08649148282327009
"[['X' 'O' '.']
 ['O' 'X' '.']
 ['O' 'X' '.']]",2,2.9999999970966758
"[['X' 'O' '.']
 ['O' 'X' '.']
 ['O' 'X' '.']]",0,-0.06513215599
"[['X' '.' '.']
 ['O' 'O' '.']
 ['X' '.' '.']]",2,-0.35101953132519315
"[['X' '.' '.']
 ['O' 'O' '.']
 ['X' '.' '.']]",0,-0.3160014940257766
"[['X' '.' '.']
 ['O' 'O' '.']
 ['X' '.' '.']]",1,-0.09999999999999995
"[['X' '.' '.']
 ['O' 'O' '.']
 ['X' 'X' 'O']]",1,-0.0814697981114816
"[['X' '.' '.']
 ['O' 'O' '.']
 ['X' 'X' 'O']]",0,-0.203851
"[['X' '.' '.']
 ['O' 'O' 'X']
 ['X' 'O' '.']]",0,-0.09999999999999995
"[['X' '.' '.']
 ['O' 'O' 'X']
 ['X' 'O' '.']]",2,-0.565204651365177
"[['X' 'O' '.']
 ['O' 'O' 'X']
 ['X' '.' '.']]",2,-0.09999999999999995
"[['X' 'O' '.']
 ['O' 'O' 'X']
 ['X' '.' '.']]",0,-0.5717443593759264
"[['X' '.' '.']
 ['O' '.' '.']
 ['X' 'O' '.']]",0,-0.09999999999999995
"[['X' '.' '.']
 ['O' '.' '.']
 ['X' 'O' '.']]",2,-0.09999999999999995
"[['X' '.' '.']
 ['O' '.' '.']
 ['X' 'O' '.']]",1,-0.09999999999999995
"[['X' 'X' '.']
 ['O' '.' '.']
 ['X' 'O' 'O']]",0,2.999996622094607
"[['X' 'X' '.']
 ['O' '.' '.']
 ['X' 'O' 'O']]",1,-0.046855900000000006
"[['X' '.' '.']
 ['O' 'O' '.']
 ['X' 'O' 'X']]",1,-0.573240434804706
"[['X' '.' '.']
 ['O' 'O' '.']
 ['X' 'O' 'X']]",0,-0.46580601760607876
"[['X' '.' '.']
 ['O' 'X' '.']
 ['X' 'O' 'O']]",0,-0.09962428978738637
"[['X' '.' '.']
 ['O' 'X' '.']
 ['X' 'O' 'O']]",1,-0.09958254420820707
"[['X' 'X' 'O']
 ['.' '.' '.']
 ['O' '.' '.']]",1,-2.6528110668182694
"[['X' 'X' 'O']
 ['.' '.' '.']
 ['O' '.' '.']]",2,-0.09999999999999995
"[['X' 'X' 'O']
 ['.' '.' '.']
 ['O' 'X' 'O']]",1,-3.205263157894736
"[['X' 'X' 'O']
 ['X' '.' '.']
 ['O' 'O' '.']]",1,-0.46144386761163686
"[['X' 'X' 'O']
 ['X' '.' '.']
 ['O' 'O' '.']]",2,-1.5018549
"[['X' 'X' 'O']
 ['X' 'X' 'O']
 ['O' 'O' '.']]",2,2.8061675433231996
"[['X' 'X' '.']
 ['.' '.' '.']
 ['O' 'O' '.']]",1,-0.25316970763714425
"[['X' 'X' '.']
 ['.' '.' '.']
 ['O' 'O' '.']]",2,-0.099484622479268
"[['X' 'X' '.']
 ['.' '.' '.']
 ['O' 'O' '.']]",0,2.9999999999999982
"[['X' 'X' '.']
 ['X' 'O' '.']
 ['O' 'O' '.']]",0,2.9709067881063747
"[['X' 'X' '.']
 ['X' 'O' '.']
 ['O' 'O' '.']]",1,-0.2688049
"[['X' 'X' '.']
 ['X' 'O' '.']
 ['O' 'O' '.']]",2,-0.019000000000000003
"[['X' 'X' '.']
 ['O' '.' '.']
 ['O' 'O' 'X']]",0,2.760700670769382
"[['X' 'X' 'O']
 ['.' '.' '.']
 ['O' 'O' 'X']]",1,-3.1918826011999
"[['X' '.' '.']
 ['X' 'O' '.']
 ['O' '.' '.']]",0,-0.42906232033778124
"[['X' '.' '.']
 ['X' 'O' '.']
 ['O' '.' '.']]",1,-0.09999999999999995
"[['X' '.' '.']
 ['X' 'O' '.']
 ['O' '.' '.']]",2,-0.09999999999999995
"[['X' 'X' '.']
 ['X' 'O' 'O']
 ['O' '.' '.']]",2,-0.32151119943538714
"[['X' 'X' '.']
 ['X' 'O' 'O']
 ['O' 'X' 'O']]",0,2.7341118564104248
"[['X' '.' '.']
 ['X' 'O' 'X']
 ['O' 'O' '.']]",2,-0.5736842105263149
"[['X' '.' '.']
 ['X' 'O' 'X']
 ['O' 'O' '.']]",0,-0.573684210526315
"[['X' '.' '.']
 ['X' 'O' 'O']
 ['O' 'X' '.']]",0,-0.402083389379277
"[['X' '.' '.']
 ['X' 'O' 'O']
 ['O' 'X' '.']]",2,-0.09999153585021713
"[['X' '.' '.']
 ['X' 'O' '.']
 ['O' 'X' 'O']]",1,-0.09999999999996022
"[['X' '.' '.']
 ['X' 'O' '.']
 ['O' 'X' 'O']]",0,-0.4917708004861765
"[['X' '.' '.']
 ['X' '.' '.']
 ['O' 'O' '.']]",0,-0.28220586716014157
"[['X' '.' '.']
 ['X' '.' '.']
 ['O' 'O' '.']]",1,-0.36575165569065665
"[['X' '.' '.']
 ['X' '.' '.']
 ['O' 'O' '.']]",2,-0.09999999999999995
"[['X' 'X' '.']
 ['X' 'O' 'O']
 ['O' 'O' 'X']]",0,2.99999999974268
"[['X' '.' '.']
 ['X' 'X' 'O']
 ['O' 'O' '.']]",0,-0.010000000000000002
"[['X' '.' '.']
 ['X' 'X' 'O']
 ['O' 'O' '.']]",2,2.5947444846981025
"[['X' 'O' '.']
 ['X' '.' '.']
 ['O' 'O' 'X']]",1,2.9999999999999982
"[['X' 'O' '.']
 ['X' '.' '.']
 ['O' 'O' 'X']]",0,-0.5691778251261609
"[['X' '.' '.']
 ['X' 'O' '.']
 ['O' 'O' 'X']]",1,-0.5735826888755177
"[['X' '.' '.']
 ['X' 'O' '.']
 ['O' 'O' 'X']]",0,-0.3590415877136764
"[['X' 'O' '.']
 ['.' '.' '.']
 ['O' 'X' '.']]",1,-0.09999999999999995
"[['X' 'O' '.']
 ['.' '.' '.']
 ['O' 'X' '.']]",2,-0.09999999999999995
"[['X' 'O' '.']
 ['.' '.' '.']
 ['O' 'X' '.']]",0,-0.09999999999999995
"[['X' 'O' 'O']
 ['.' '.' '.']
 ['O' 'X' 'X']]",1,-3.2052631578947297
"[['X' 'O' '.']
 ['O' '.' '.']
 ['O' 'X' 'X']]",1,2.9999999999999982
"[['X' 'O' '.']
 ['O' '.' '.']
 ['O' 'X' 'X']]",0,-0.07458134171671
"[['X' '.' '.']
 ['O' '.' '.']
 ['O' 'X' '.']]",0,-0.09999999999999995
"[['X' '.' '.']
 ['O' '.' '.']
 ['O' 'X' '.']]",2,-0.09999999999999995
"[['X' '.' '.']
 ['O' '.' '.']
 ['O' 'X' '.']]",1,-0.09999999999999995
"[['X' '.' '.']
 ['O' 'O' '.']
 ['O' 'X' 'X']]",0,-0.5736653983594624
"[['X' '.' '.']
 ['O' 'O' '.']
 ['O' 'X' 'X']]",1,-0.09999595162339772
"[['X' 'X' '.']
 ['O' 'O' 'X']
 ['O' 'X' 'O']]",0,1.0317
"[['X' 'O' '.']
 ['O' 'O' 'X']
 ['O' 'X' 'X']]",0,2.9998785487019317
"[['X' '.' '.']
 ['.' '.' '.']
 ['O' 'X' 'O']]",1,-0.09999999999999995
"[['X' '.' '.']
 ['.' '.' '.']
 ['O' 'X' 'O']]",0,-0.09999999999999995
"[['O' 'X' 'O']
 ['X' '.' '.']
 ['.' '.' '.']]",2,-0.09999999999999995
"[['O' 'X' 'O']
 ['X' '.' '.']
 ['.' '.' '.']]",1,-0.09999999999999995
"[['O' 'X' 'O']
 ['X' '.' '.']
 ['X' 'O' '.']]",1,-0.09999059538913013
"[['O' 'X' 'O']
 ['X' '.' '.']
 ['X' 'O' '.']]",2,-0.09998838936929647
"[['O' 'X' 'O']
 ['X' 'X' '.']
 ['X' 'O' 'O']]",1,2.9324148013651827
"[['O' 'X' 'O']
 ['X' 'O' '.']
 ['X' '.' '.']]",2,-0.35578488541997794
"[['O' 'X' 'O']
 ['X' 'O' '.']
 ['X' '.' '.']]",1,-0.099999999999971
"[['O' 'X' 'O']
 ['X' 'X' 'O']
 ['X' 'O' '.']]",2,0.9999999999999996
"[['O' 'X' 'O']
 ['X' 'O' '.']
 ['X' 'O' 'X']]",1,0.9999995153074966
"[['O' 'X' 'O']
 ['X' 'O' 'X']
 ['X' 'O' '.']]",2,0.9999999999999996
"[['O' 'X' 'O']
 ['X' 'X' 'O']
 ['.' '.' '.']]",2,-0.09999999999999995
"[['O' 'X' 'O']
 ['X' 'X' '.']
 ['O' '.' '.']]",2,2.9999999999999982
"[['O' 'X' 'O']
 ['X' 'X' '.']
 ['O' '.' '.']]",1,2.7341118564104248
"[['O' 'X' 'O']
 ['X' 'O' 'O']
 ['X' 'X' '.']]",2,2.152711390557
"[['O' 'X' '.']
 ['X' 'O' '.']
 ['.' '.' '.']]",2,-0.09999999999999995
"[['O' 'X' '.']
 ['X' 'O' '.']
 ['.' '.' '.']]",0,-0.09999999999999995
"[['O' 'X' '.']
 ['X' 'O' '.']
 ['.' '.' '.']]",1,-0.09999999999999995
"[['O' 'X' '.']
 ['X' 'O' '.']
 ['X' 'O' '.']]",2,-0.09999784852669011
"[['O' 'X' '.']
 ['X' 'O' '.']
 ['X' 'O' '.']]",0,-1.061061
"[['O' 'X' '.']
 ['X' 'O' '.']
 ['X' 'O' '.']]",1,-1.91572746527571
"[['O' 'X' '.']
 ['X' 'O' 'O']
 ['X' 'O' 'X']]",0,0.9948462247926799
"[['O' 'X' '.']
 ['X' 'O' 'O']
 ['X' '.' '.']]",2,-0.22803215599
"[['O' 'X' '.']
 ['X' 'O' 'O']
 ['X' '.' '.']]",0,-0.09999550180377524
"[['O' 'X' 'X']
 ['X' 'O' 'O']
 ['X' 'O' '.']]",2,0.999999999998261
"[['O' 'X' 'X']
 ['X' 'O' 'O']
 ['.' '.' '.']]",2,-0.09999999570420035
"[['O' 'X' 'X']
 ['X' 'O' '.']
 ['O' '.' '.']]",2,-1.9876692085748398
"[['O' 'X' 'X']
 ['X' 'O' '.']
 ['O' '.' '.']]",1,-0.09999999999999995
"[['O' 'X' 'X']
 ['X' 'O' 'O']
 ['O' 'X' '.']]",2,0.911370618803475
"[['O' 'X' 'X']
 ['X' 'O' 'X']
 ['O' 'O' '.']]",2,2.9999999999999982
"[['O' 'X' '.']
 ['X' 'O' 'X']
 ['O' '.' '.']]",2,-3.204695940598075
"[['O' 'X' '.']
 ['X' 'O' 'X']
 ['O' '.' '.']]",0,-0.09999989866283823
"[['O' 'X' 'O']
 ['X' 'O' 'X']
 ['.' '.' '.']]",2,-0.09999999469654364
"[['O' 'X' '.']
 ['X' '.' '.']
 ['O' '.' '.']]",2,-0.09999999999999995
"[['O' 'X' '.']
 ['X' '.' '.']
 ['O' '.' '.']]",0,-0.09999999999999995
"[['O' 'X' '.']
 ['X' '.' '.']
 ['O' '.' '.']]",1,-0.09999999999999995
"[['O' 'X' '.']
 ['X' 'O' '.']
 ['O' 'X' '.']]",2,-1.7296258153865214
"[['O' 'X' '.']
 ['X' 'O' '.']
 ['O' 'X' '.']]",0,-2.284109490561084
"[['O' 'X' '.']
 ['X' 'O' '.']
 ['O' 'X' '.']]",1,-2.7241703531796184
"[['O' 'X' 'X']
 ['X' '.' '.']
 ['O' 'O' '.']]",1,-0.4480028850033019
"[['O' 'X' 'X']
 ['X' '.' '.']
 ['O' 'O' '.']]",2,-0.09999986099154763
"[['O' 'X' 'O']
 ['X' '.' '.']
 ['O' 'X' '.']]",2,-2.7241703531796184
"[['O' 'X' 'O']
 ['X' '.' '.']
 ['O' 'X' '.']]",1,2.999717861673904
"[['O' 'X' 'X']
 ['X' 'X' 'O']
 ['O' 'O' '.']]",2,0.9969567472778297
"[['O' 'X' '.']
 ['X' '.' '.']
 ['O' 'X' 'O']]",1,2.9999929376389587
"[['O' 'X' '.']
 ['X' '.' '.']
 ['O' 'X' 'O']]",0,-2.08765699989
"[['O' 'X' '.']
 ['X' 'X' '.']
 ['O' 'O' '.']]",1,2.9999477191985697
"[['O' 'X' '.']
 ['X' 'X' '.']
 ['O' 'O' '.']]",2,-0.034390000000000004
"[['O' 'X' '.']
 ['X' 'X' '.']
 ['O' 'O' '.']]",0,-0.23034877210000004
"[['O' 'X' '.']
 ['X' 'X' 'O']
 ['O' '.' '.']]",0,-0.09817519963685993
"[['O' 'X' '.']
 ['X' 'X' 'O']
 ['O' '.' '.']]",2,2.9999999999999982
"[['O' 'X' '.']
 ['X' 'X' 'O']
 ['O' 'O' 'X']]",0,0.271
"[['O' 'X' 'O']
 ['X' 'X' '.']
 ['O' 'O' 'X']]",1,0.30000000000000004
"[['O' 'X' 'X']
 ['X' 'O' '.']
 ['O' 'O' 'X']]",1,2.9999958297464286
"[['O' 'X' '.']
 ['X' 'O' 'O']
 ['O' 'X' 'X']]",0,0.9866972053527088
"[['O' 'O' '.']
 ['X' 'X' '.']
 ['.' '.' '.']]",2,-0.4157971947866682
"[['O' 'O' '.']
 ['X' 'X' '.']
 ['.' '.' '.']]",1,2.9999999999999982
"[['O' 'O' '.']
 ['X' 'X' '.']
 ['.' '.' '.']]",0,-0.09749684449500676
"[['O' 'O' '.']
 ['X' 'X' '.']
 ['X' 'O' '.']]",2,-0.4265482092245426
"[['O' 'O' '.']
 ['X' 'X' '.']
 ['X' 'O' '.']]",0,0.30000000000000004
"[['O' 'O' '.']
 ['X' 'X' 'O']
 ['X' 'O' 'X']]",0,2.9997714679558625
"[['O' 'O' '.']
 ['X' 'X' 'O']
 ['X' '.' '.']]",2,-0.3560826798321781
"[['O' 'O' '.']
 ['X' 'X' 'O']
 ['X' '.' '.']]",0,2.999999963602179
"[['O' 'O' '.']
 ['X' 'X' 'O']
 ['X' 'X' 'O']]",0,1.9539646797
"[['O' 'O' 'X']
 ['X' 'X' 'O']
 ['.' '.' '.']]",2,2.760700670769382
"[['O' 'O' 'X']
 ['X' 'X' '.']
 ['O' '.' '.']]",2,-0.046855900000000006
"[['O' 'O' 'X']
 ['X' 'X' '.']
 ['O' '.' '.']]",1,1.2285300000000001
"[['O' 'O' 'X']
 ['X' 'X' 'O']
 ['O' 'X' '.']]",2,0.271
"[['O' 'O' 'X']
 ['X' 'X' '.']
 ['O' 'X' 'O']]",1,0.8130000000000001
"[['O' '.' '.']
 ['X' 'X' 'O']
 ['.' '.' '.']]",2,-0.09999999999999995
"[['O' '.' '.']
 ['X' 'X' 'O']
 ['.' '.' '.']]",0,-0.09999999999999995
"[['O' '.' '.']
 ['X' 'X' 'O']
 ['X' 'O' '.']]",0,-0.09999059538913013
"[['O' '.' '.']
 ['X' 'X' 'O']
 ['X' 'O' '.']]",2,-0.09999059538913013
"[['O' 'X' '.']
 ['X' 'X' 'O']
 ['X' 'O' 'O']]",0,2.960091616058127
